Timestamp,Frame,Detection_ID,X_m,Y_m,Z_m,Roll_rad,Pitch_rad,Yaw_rad,Qx,Qy,Qz,Qw,Confidence,Num_Points,Gimbal_Lock,Processing_Time_ms
2026-02-26T13:51:09.672808,0,0,0.334356,1.170854,0.222852,0.000000,-1.543164,1.540314,0.484883,0.513913,0.499655,-0.501125,0.8384,1312380,Y,501.03
2026-02-26T13:51:09.672961,0,1,0.363104,1.165101,0.215076,-1.559045,-0.143960,-3.124694,0.057073,-0.700662,0.709810,0.044558,0.8936,90458,N,232.99
2026-02-26T13:51:09.673058,0,3,0.342946,1.170443,0.207558,1.526312,-1.429458,-3.065650,0.453480,0.539651,0.528212,-0.473418,0.8916,659255,N,353.76
2026-02-26T13:51:09.673158,0,4,0.333746,1.170867,0.224414,0.000000,-1.547719,1.540445,0.486084,0.512765,0.498551,-0.502236,0.8496,1359906,Y,486.65
2026-02-26T13:51:09.673251,0,5,0.337924,1.170770,0.216756,0.000000,-1.518969,1.539604,0.478163,0.519640,0.505754,-0.495527,0.8369,1020463,Y,417.80
2026-02-26T13:51:09.673342,0,6,0.337924,1.170770,0.216756,0.000000,-1.518969,1.539604,0.478163,0.519640,0.505754,-0.495527,0.8491,1020463,Y,420.18
2026-02-26T13:51:09.673434,0,7,0.354046,1.169292,0.195465,1.575690,-0.167081,-3.117720,0.050424,0.707015,0.702158,-0.067533,0.8701,243379,N,276.08
2026-02-26T13:51:09.673529,0,9,0.361387,1.166145,0.211649,-1.560874,-0.150414,-3.121982,0.060269,-0.701044,0.709082,0.045915,0.8696,113489,N,231.47
2026-02-26T13:51:09.673622,0,11,0.334356,1.170854,0.222852,0.000000,-1.543164,1.540314,0.484883,0.513913,0.499655,-0.501125,0.8740,1312380,Y,457.93
2026-02-26T13:51:09.673712,0,13,0.339223,1.170720,0.214507,0.000000,-1.505760,1.539537,0.474513,0.522627,0.509159,-0.492398,0.8374,927866,Y,404.24
2026-02-26T13:51:09.673802,0,14,0.334948,1.170834,0.221520,0.000000,-1.538837,1.540249,0.483745,0.514974,0.500727,-0.500065,0.8735,1263629,Y,449.60
2026-02-26T13:51:09.673902,0,16,0.339842,1.170679,0.213380,0.000000,-1.497969,1.539610,0.472370,0.524342,0.511192,-0.490525,0.8301,882116,Y,408.79
2026-02-26T13:51:09.673995,0,17,0.363104,1.165101,0.215076,-1.559045,-0.143960,-3.124694,0.057073,-0.700662,0.709810,0.044558,0.8906,90458,N,236.59
2026-02-26T13:51:09.674086,0,18,0.311256,1.171881,0.294897,1.568479,-1.191599,-3.108166,0.387442,0.591152,0.579244,-0.406085,0.8086,2787224,N,781.89
2026-02-26T13:51:09.674177,0,19,0.333746,1.170867,0.224414,0.000000,-1.547719,1.540445,0.486084,0.512765,0.498551,-0.502236,0.8936,1359906,Y,475.38
2026-02-26T13:51:09.674275,0,20,0.358268,1.167775,0.204975,-1.562869,-0.157577,-3.121159,0.063045,-0.701506,0.708231,0.048200,0.8755,163696,N,243.75
2026-02-26T13:51:09.674367,0,21,0.319141,1.170241,0.259666,0.000000,1.495384,1.541409,0.474379,0.526625,-0.510210,0.487151,0.8535,2086703,Y,621.34
2026-02-26T13:51:19.848049,1,0,0.339223,1.170720,0.214507,0.000000,-1.505760,1.539537,0.474513,0.522627,0.509159,-0.492398,0.8706,927866,Y,391.47
2026-02-26T13:51:19.848149,1,1,0.333746,1.170867,0.224414,0.000000,-1.547719,1.540445,0.486084,0.512765,0.498551,-0.502236,0.8921,1359906,Y,478.46
2026-02-26T13:51:19.848206,1,2,0.343659,1.170375,0.206275,1.531680,-1.394941,-3.071221,0.443981,0.547230,0.536468,-0.464352,0.9131,616373,N,346.84
2026-02-26T13:51:19.848259,1,4,0.363104,1.165101,0.215076,-1.559045,-0.143960,-3.124694,0.057073,-0.700662,0.709810,0.044558,0.9014,90458,N,234.88
2026-02-26T13:51:19.848313,1,5,0.333073,1.170869,0.226180,0.000000,-1.552027,1.540555,0.487204,0.511665,0.497511,-0.503304,0.8159,1406524,Y,486.55
2026-02-26T13:51:19.848399,1,6,0.339842,1.170679,0.213380,0.000000,-1.497969,1.539610,0.472370,0.524342,0.511192,-0.490525,0.8706,882116,Y,395.72
2026-02-26T13:51:19.848477,1,7,0.337924,1.170770,0.216756,0.000000,-1.518969,1.539604,0.478163,0.519640,0.505754,-0.495527,0.8809,1020463,Y,419.40
2026-02-26T13:51:19.848534,1,9,0.342362,1.170507,0.208662,1.521223,-1.454341,-3.060479,0.460284,0.534097,0.522154,-0.479827,0.9185,702673,N,348.43
2026-02-26T13:51:19.848588,1,10,0.333746,1.170867,0.224414,0.000000,-1.547719,1.540445,0.486084,0.512765,0.498551,-0.502236,0.7803,1359906,Y,475.16
2026-02-26T13:51:19.848640,1,11,0.365073,1.149740,0.241859,-1.552945,-0.091227,-3.113138,0.042485,-0.699505,0.713030,0.021811,0.8877,200,N,214.28
2026-02-26T13:51:19.848707,1,12,0.356663,1.168406,0.201911,-1.563062,-0.161427,-3.120560,0.064611,-0.701433,0.708083,0.049346,0.8740,189912,N,249.84
2026-02-26T13:51:19.848757,1,13,0.333073,1.170869,0.226180,0.000000,-1.552027,1.540555,0.487204,0.511665,0.497511,-0.503304,0.8706,1406524,Y,494.72
2026-02-26T13:51:19.848807,1,14,0.339842,1.170679,0.213380,0.000000,-1.497969,1.539610,0.472370,0.524342,0.511192,-0.490525,0.8633,882116,Y,388.69
2026-02-26T13:51:19.848867,1,15,0.354046,1.169292,0.195465,1.575690,-0.167081,-3.117720,0.050424,0.707015,0.702158,-0.067533,0.8765,243379,N,281.55
2026-02-26T13:51:19.848924,1,16,0.363104,1.165101,0.215076,-1.559045,-0.143960,-3.124694,0.057073,-0.700662,0.709810,0.044558,0.9077,90458,N,237.06
2026-02-26T13:51:19.848975,1,17,0.311041,1.171922,0.295917,1.568933,-1.099514,-3.108601,0.359807,0.608371,0.597307,-0.379009,0.8794,2810592,N,773.34
2026-02-26T13:51:19.849024,1,18,0.332408,1.170875,0.228020,0.000000,-1.556394,1.540686,0.488347,0.510543,0.496453,-0.504378,0.8892,1452260,Y,493.07
2026-02-26T13:51:19.849075,1,20,0.310786,1.171959,0.296839,1.569233,-1.009744,-3.108944,0.332151,0.623907,0.613708,-0.351821,0.8838,2833090,N,803.00
2026-02-26T13:51:36.165542,2,0,0.338584,1.170747,0.215675,0.000000,-1.512778,1.539553,0.476448,0.521045,0.507350,-0.494070,0.8594,973933,Y,416.54
2026-02-26T13:51:36.165668,2,1,0.333746,1.170867,0.224414,0.000000,-1.547719,1.540445,0.486084,0.512765,0.498551,-0.502236,0.8950,1359906,Y,480.48
2026-02-26T13:51:36.165748,2,2,0.343659,1.170375,0.206275,1.531680,-1.394941,-3.071221,0.443981,0.547230,0.536468,-0.464352,0.9131,616373,N,343.07
2026-02-26T13:51:36.165828,2,3,0.339223,1.170720,0.214507,0.000000,-1.505760,1.539537,0.474513,0.522627,0.509159,-0.492398,0.8843,927866,Y,389.18
2026-02-26T13:51:36.165922,2,5,0.361387,1.166145,0.211649,-1.560874,-0.150414,-3.121982,0.060269,-0.701044,0.709082,0.045915,0.9067,113489,N,232.24
2026-02-26T13:51:36.166016,2,6,0.332408,1.170875,0.228020,0.000000,-1.556394,1.540686,0.488347,0.510543,0.496453,-0.504378,0.8154,1452260,Y,503.38
2026-02-26T13:51:36.166107,2,7,0.338584,1.170747,0.215675,0.000000,-1.512778,1.539553,0.476448,0.521045,0.507350,-0.494070,0.8545,973933,Y,405.82
2026-02-26T13:51:36.166197,2,9,0.342362,1.170507,0.208662,1.521223,-1.454341,-3.060479,0.460284,0.534097,0.522154,-0.479827,0.9092,702673,N,352.32
2026-02-26T13:51:36.166287,2,11,0.333073,1.170869,0.226180,0.000000,-1.552027,1.540555,0.487204,0.511665,0.497511,-0.503304,0.8091,1406524,Y,482.02
2026-02-26T13:51:36.166376,2,12,0.358268,1.167775,0.204975,-1.562869,-0.157577,-3.121159,0.063045,-0.701506,0.708231,0.048200,0.8726,163696,N,254.92
2026-02-26T13:51:36.166473,2,13,0.333073,1.170869,0.226180,0.000000,-1.552027,1.540555,0.487204,0.511665,0.497511,-0.503304,0.8730,1406524,Y,502.26
2026-02-26T13:51:36.166562,2,14,0.339842,1.170679,0.213380,0.000000,-1.497969,1.539610,0.472370,0.524342,0.511192,-0.490525,0.8726,882116,Y,378.84
2026-02-26T13:51:36.166652,2,15,0.354046,1.169292,0.195465,1.575690,-0.167081,-3.117720,0.050424,0.707015,0.702158,-0.067533,0.8682,243379,N,265.99
2026-02-26T13:51:36.166742,2,16,0.361387,1.166145,0.211649,-1.560874,-0.150414,-3.121982,0.060269,-0.701044,0.709082,0.045915,0.9062,113489,N,235.53
2026-02-26T13:51:36.166840,2,17,0.311041,1.171922,0.295917,1.568933,-1.099514,-3.108601,0.359807,0.608371,0.597307,-0.379009,0.8813,2810592,N,783.75
2026-02-26T13:51:36.166940,2,18,0.332408,1.170875,0.228020,0.000000,-1.556394,1.540686,0.488347,0.510543,0.496453,-0.504378,0.9033,1452260,Y,494.71
2026-02-26T13:51:36.167032,2,20,0.310786,1.171959,0.296839,1.569233,-1.009744,-3.108944,0.332151,0.623907,0.613708,-0.351821,0.8218,2833090,N,773.84
2026-02-26T13:51:46.060911,3,0,0.310266,1.171988,0.298351,1.569773,-0.823049,-3.110024,0.272733,0.652126,0.643860,-0.292902,0.8677,2877772,N,798.14
2026-02-26T13:51:46.061022,3,1,0.342946,1.170443,0.207558,1.526312,-1.429458,-3.065650,0.453480,0.539651,0.528212,-0.473418,0.9048,659255,N,333.17
2026-02-26T13:51:46.061080,3,2,0.333746,1.170867,0.224414,0.000000,-1.547719,1.540445,0.486084,0.512765,0.498551,-0.502236,0.8765,1359906,Y,489.74
2026-02-26T13:51:46.061147,3,3,0.339842,1.170679,0.213380,0.000000,-1.497969,1.539610,0.472370,0.524342,0.511192,-0.490525,0.8872,882116,Y,378.11
2026-02-26T13:51:46.061200,3,4,0.361387,1.166145,0.211649,-1.560874,-0.150414,-3.121982,0.060269,-0.701044,0.709082,0.045915,0.9058,113489,N,236.27
2026-02-26T13:51:46.061254,3,5,0.332408,1.170875,0.228020,0.000000,-1.556394,1.540686,0.488347,0.510543,0.496453,-0.504378,0.8237,1452260,Y,487.21
2026-02-26T13:51:46.061366,3,6,0.316968,1.170160,0.263745,0.000000,1.472805,1.541092,0.468360,0.532023,-0.515616,0.481384,0.7339,2175000,Y,670.35
2026-02-26T13:51:46.061443,3,7,0.339223,1.170720,0.214507,0.000000,-1.505760,1.539537,0.474513,0.522627,0.509159,-0.492398,0.8862,927866,Y,383.30
2026-02-26T13:51:46.061496,3,9,0.337287,1.170796,0.217781,0.000000,-1.523089,1.539674,0.479331,0.518717,0.504678,-0.496462,0.8799,1068201,Y,420.14
2026-02-26T13:51:46.061553,3,10,0.359863,1.167019,0.208144,1.577883,-0.151972,-3.120869,0.046154,0.708076,0.701968,-0.061145,0.8965,138013,N,245.06
2026-02-26T13:51:46.061618,3,11,0.334948,1.170834,0.221520,0.000000,-1.538837,1.540249,0.483745,0.514974,0.500727,-0.500065,0.7471,1263629,Y,474.02
2026-02-26T13:51:46.061687,3,13,0.341813,1.170562,0.209773,0.000000,-1.470973,1.539516,0.464835,0.530360,0.518043,-0.484023,0.9141,747180,Y,347.89
2026-02-26T13:51:46.061750,3,15,0.333073,1.170869,0.226180,0.000000,-1.552027,1.540555,0.487204,0.511665,0.497511,-0.503304,0.8096,1406524,Y,482.67
2026-02-26T13:51:46.061821,3,16,0.337924,1.170770,0.216756,0.000000,-1.518969,1.539604,0.478163,0.519640,0.505754,-0.495527,0.7632,1020463,Y,405.07
2026-02-26T13:51:46.061893,3,17,0.333073,1.170869,0.226180,0.000000,-1.552027,1.540555,0.487204,0.511665,0.497511,-0.503304,0.8745,1406524,Y,486.76
2026-02-26T13:51:46.061962,3,19,0.310786,1.171959,0.296839,1.569233,-1.009744,-3.108944,0.332151,0.623907,0.613708,-0.351821,0.8979,2833090,N,802.19
2026-02-26T13:51:46.062027,3,20,0.365073,1.149740,0.241859,-1.552945,-0.091227,-3.113138,0.042485,-0.699505,0.713030,0.021811,0.8867,200,N,226.00
2026-02-26T13:51:46.062104,3,21,0.338584,1.170747,0.215675,0.000000,-1.512778,1.539553,0.476448,0.521045,0.507350,-0.494070,0.8706,973933,Y,393.82
2026-02-26T13:51:46.062169,3,22,0.361387,1.166145,0.211649,-1.560874,-0.150414,-3.121982,0.060269,-0.701044,0.709082,0.045915,0.9082,113489,N,229.55
2026-02-26T13:51:46.062235,3,23,0.332408,1.170875,0.228020,0.000000,-1.556394,1.540686,0.488347,0.510543,0.496453,-0.504378,0.9058,1452260,Y,490.23
2026-02-26T13:51:46.062305,3,24,0.358268,1.167775,0.204975,-1.562869,-0.157577,-3.121159,0.063045,-0.701506,0.708231,0.048200,0.8818,163696,N,238.70
2026-02-26T13:51:54.397210,4,0,0.333073,1.170869,0.226180,0.000000,-1.552027,1.540555,0.487204,0.511665,0.497511,-0.503304,0.8784,1406524,Y,491.07
2026-02-26T13:51:54.397344,4,1,0.343659,1.170375,0.206275,1.531680,-1.394941,-3.071221,0.443981,0.547230,0.536468,-0.464352,0.8892,616373,N,319.75
2026-02-26T13:51:54.397423,4,2,0.361387,1.166145,0.211649,-1.560874,-0.150414,-3.121982,0.060269,-0.701044,0.709082,0.045915,0.8877,113489,N,242.23
2026-02-26T13:51:54.397506,4,3,0.333073,1.170869,0.226180,0.000000,-1.552027,1.540555,0.487204,0.511665,0.497511,-0.503304,0.8179,1406524,Y,507.13
2026-02-26T13:51:54.397596,4,4,0.365073,1.149740,0.241859,-1.552945,-0.091227,-3.113138,0.042485,-0.699505,0.713030,0.021811,0.8706,200,N,219.29
2026-02-26T13:51:54.397688,4,5,0.339842,1.170679,0.213380,0.000000,-1.497969,1.539610,0.472370,0.524342,0.511192,-0.490525,0.8228,882116,Y,369.69
2026-02-26T13:51:54.397781,4,7,0.338584,1.170747,0.215675,0.000000,-1.512778,1.539553,0.476448,0.521045,0.507350,-0.494070,0.8462,973933,Y,387.68
2026-02-26T13:51:54.397880,4,8,0.359863,1.167019,0.208144,1.577883,-0.151972,-3.120869,0.046154,0.708076,0.701968,-0.061145,0.8677,138013,N,235.93
2026-02-26T13:51:54.397976,4,9,0.310450,1.171995,0.297663,1.569458,-0.924953,-3.109201,0.305415,0.637432,0.628060,-0.325490,0.7046,2855103,N,793.71
2026-02-26T13:51:54.398088,4,11,0.342362,1.170507,0.208662,1.521223,-1.454341,-3.060479,0.460284,0.534097,0.522154,-0.479827,0.8960,702673,N,358.26
2026-02-26T13:51:54.398177,4,13,0.333073,1.170869,0.226180,0.000000,-1.552027,1.540555,0.487204,0.511665,0.497511,-0.503304,0.7866,1406524,Y,485.89
2026-02-26T13:51:54.398265,4,14,0.333073,1.170869,0.226180,0.000000,-1.552027,1.540555,0.487204,0.511665,0.497511,-0.503304,0.8594,1406524,Y,472.49
2026-02-26T13:51:54.398354,4,16,0.339842,1.170679,0.213380,0.000000,-1.497969,1.539610,0.472370,0.524342,0.511192,-0.490525,0.8394,882116,Y,384.31
2026-02-26T13:51:54.398443,4,17,0.338584,1.170747,0.215675,0.000000,-1.512778,1.539553,0.476448,0.521045,0.507350,-0.494070,0.8325,973933,Y,403.33
2026-02-26T13:51:54.398556,4,18,0.361387,1.166145,0.211649,-1.560874,-0.150414,-3.121982,0.060269,-0.701044,0.709082,0.045915,0.8916,113489,N,236.52
2026-02-26T13:51:54.398647,4,19,0.310450,1.171995,0.297663,1.569458,-0.924953,-3.109201,0.305415,0.637432,0.628060,-0.325490,0.8569,2855103,N,777.86
2026-02-26T13:51:54.398739,4,20,0.332408,1.170875,0.228020,0.000000,-1.556394,1.540686,0.488347,0.510543,0.496453,-0.504378,0.8828,1452260,Y,528.90
2026-02-26T13:51:54.398825,4,21,0.356663,1.168406,0.201911,-1.563062,-0.161427,-3.120560,0.064611,-0.701433,0.708083,0.049346,0.8589,189912,N,249.50
2026-02-26T13:52:15.657699,5,0,0.338584,1.170747,0.215675,0.000000,-1.512778,1.539553,0.476448,0.521045,0.507350,-0.494070,0.8701,973933,Y,404.29
2026-02-26T13:52:15.657798,5,1,0.334356,1.170854,0.222852,0.000000,-1.543164,1.540314,0.484883,0.513913,0.499655,-0.501125,0.9019,1312380,Y,457.82
2026-02-26T13:52:15.657861,5,2,0.343659,1.170375,0.206275,1.531680,-1.394941,-3.071221,0.443981,0.547230,0.536468,-0.464352,0.9155,616373,N,334.44
2026-02-26T13:52:15.657918,5,4,0.361387,1.166145,0.211649,-1.560874,-0.150414,-3.121982,0.060269,-0.701044,0.709082,0.045915,0.9043,113489,N,237.84
2026-02-26T13:52:15.658012,5,5,0.333073,1.170869,0.226180,0.000000,-1.552027,1.540555,0.487204,0.511665,0.497511,-0.503304,0.8374,1406524,Y,482.85
2026-02-26T13:52:15.658089,5,6,0.354046,1.169292,0.195465,1.575690,-0.167081,-3.117720,0.050424,0.707015,0.702158,-0.067533,0.8931,243379,N,262.37
2026-02-26T13:52:15.658153,5,8,0.339842,1.170679,0.213380,0.000000,-1.497969,1.539610,0.472370,0.524342,0.511192,-0.490525,0.8804,882116,Y,387.27
2026-02-26T13:52:15.658207,5,9,0.337924,1.170770,0.216756,0.000000,-1.518969,1.539604,0.478163,0.519640,0.505754,-0.495527,0.8750,1020463,Y,407.09
2026-02-26T13:52:15.658258,5,11,0.356663,1.168406,0.201911,-1.563062,-0.161427,-3.120560,0.064611,-0.701433,0.708083,0.049346,0.8931,189912,N,253.09
2026-02-26T13:52:15.658338,5,12,0.342946,1.170443,0.207558,1.526312,-1.429458,-3.065650,0.453480,0.539651,0.528212,-0.473418,0.9194,659255,N,329.00
2026-02-26T13:52:15.658417,5,13,0.333746,1.170867,0.224414,0.000000,-1.547719,1.540445,0.486084,0.512765,0.498551,-0.502236,0.8862,1359906,Y,490.31
2026-02-26T13:52:15.658477,5,14,0.339842,1.170679,0.213380,0.000000,-1.497969,1.539610,0.472370,0.524342,0.511192,-0.490525,0.8809,882116,Y,373.61
2026-02-26T13:52:15.658529,5,15,0.361387,1.166145,0.211649,-1.560874,-0.150414,-3.121982,0.060269,-0.701044,0.709082,0.045915,0.9067,113489,N,237.30
2026-02-26T13:52:15.658578,5,16,0.310786,1.171959,0.296839,1.569233,-1.009744,-3.108944,0.332151,0.623907,0.613708,-0.351821,0.8887,2833090,N,788.70
2026-02-26T13:52:15.658641,5,17,0.333073,1.170869,0.226180,0.000000,-1.552027,1.540555,0.487204,0.511665,0.497511,-0.503304,0.8975,1406524,Y,493.94
2026-02-26T13:52:15.658709,5,18,0.334356,1.170854,0.222852,0.000000,-1.543164,1.540314,0.484883,0.513913,0.499655,-0.501125,0.8237,1312380,Y,456.19
2026-02-26T13:52:15.658763,5,20,0.310786,1.171959,0.296839,1.569233,-1.009744,-3.108944,0.332151,0.623907,0.613708,-0.351821,0.8789,2833090,N,785.45
2026-02-26T13:52:24.010401,6,0,0.334356,1.170854,0.222852,0.000000,-1.543164,1.540314,0.484883,0.513913,0.499655,-0.501125,0.8984,1312380,Y,477.94
2026-02-26T13:52:24.010497,6,1,0.344400,1.170288,0.204969,1.537557,-1.335827,-3.077510,0.427448,0.559839,0.550226,-0.448464,0.9199,573644,N,336.52
2026-02-26T13:52:24.010566,6,2,0.339223,1.170720,0.214507,0.000000,-1.505760,1.539537,0.474513,0.522627,0.509159,-0.492398,0.8921,927866,Y,402.36
2026-02-26T13:52:24.010618,6,4,0.361387,1.166145,0.211649,-1.560874,-0.150414,-3.121982,0.060269,-0.701044,0.709082,0.045915,0.9111,113489,N,235.35
2026-02-26T13:52:24.010669,6,5,0.332408,1.170875,0.228020,0.000000,-1.556394,1.540686,0.488347,0.510543,0.496453,-0.504378,0.8052,1452260,Y,485.76
2026-02-26T13:52:24.010749,6,6,0.352661,1.169518,0.193987,1.571092,-0.181470,-3.116116,0.055085,0.705061,0.703221,-0.073045,0.8882,272361,N,261.64
2026-02-26T13:52:24.010803,6,7,0.365073,1.149740,0.241859,-1.552945,-0.091227,-3.113138,0.042485,-0.699505,0.713030,0.021811,0.8940,200,N,225.35
2026-02-26T13:52:24.010861,6,8,0.337924,1.170770,0.216756,0.000000,-1.518969,1.539604,0.478163,0.519640,0.505754,-0.495527,0.8882,1020463,Y,405.62
2026-02-26T13:52:24.010914,6,9,0.311041,1.171922,0.295917,1.568933,-1.099514,-3.108601,0.359807,0.608371,0.597307,-0.379009,0.8940,2810592,N,779.09
2026-02-26T13:52:24.010964,6,11,0.356663,1.168406,0.201911,-1.563062,-0.161427,-3.120560,0.064611,-0.701433,0.708083,0.049346,0.8916,189912,N,256.08
2026-02-26T13:52:24.011015,6,12,0.342946,1.170443,0.207558,1.526312,-1.429458,-3.065650,0.453480,0.539651,0.528212,-0.473418,0.9224,659255,N,348.12
2026-02-26T13:52:24.011065,6,13,0.333746,1.170867,0.224414,0.000000,-1.547719,1.540445,0.486084,0.512765,0.498551,-0.502236,0.8740,1359906,Y,467.30
2026-02-26T13:52:24.011113,6,15,0.339842,1.170679,0.213380,0.000000,-1.497969,1.539610,0.472370,0.524342,0.511192,-0.490525,0.8799,882116,Y,375.72
2026-02-26T13:52:24.011164,6,16,0.339223,1.170720,0.214507,0.000000,-1.505760,1.539537,0.474513,0.522627,0.509159,-0.492398,0.8740,927866,Y,388.02
2026-02-26T13:52:24.011213,6,17,0.361387,1.166145,0.211649,-1.560874,-0.150414,-3.121982,0.060269,-0.701044,0.709082,0.045915,0.9116,113489,N,255.78
2026-02-26T13:52:24.011262,6,18,0.311041,1.171922,0.295917,1.568933,-1.099514,-3.108601,0.359807,0.608371,0.597307,-0.379009,0.9009,2810592,N,781.73
2026-02-26T13:52:24.011319,6,19,0.333073,1.170869,0.226180,0.000000,-1.552027,1.540555,0.487204,0.511665,0.497511,-0.503304,0.9072,1406524,Y,510.54
2026-02-26T13:52:24.011368,6,20,0.333746,1.170867,0.224414,0.000000,-1.547719,1.540445,0.486084,0.512765,0.498551,-0.502236,0.7671,1359906,Y,486.17
2026-02-26T13:52:35.537445,7,0,0.333073,1.170869,0.226180,0.000000,-1.552027,1.540555,0.487204,0.511665,0.497511,-0.503304,0.8882,1406524,Y,487.94
2026-02-26T13:52:35.537580,7,1,0.343659,1.170375,0.206275,1.531680,-1.394941,-3.071221,0.443981,0.547230,0.536468,-0.464352,0.9077,616373,N,319.68
2026-02-26T13:52:35.537659,7,2,0.361387,1.166145,0.211649,-1.560874,-0.150414,-3.121982,0.060269,-0.701044,0.709082,0.045915,0.9077,113489,N,238.52
2026-02-26T13:52:35.537748,7,3,0.333073,1.170869,0.226180,0.000000,-1.552027,1.540555,0.487204,0.511665,0.497511,-0.503304,0.8213,1406524,Y,475.73
2026-02-26T13:52:35.537833,7,4,0.365073,1.149740,0.241859,-1.552945,-0.091227,-3.113138,0.042485,-0.699505,0.713030,0.021811,0.8867,200,N,216.99
2026-02-26T13:52:35.537930,7,5,0.310786,1.171959,0.296839,1.569233,-1.009744,-3.108944,0.332151,0.623907,0.613708,-0.351821,0.8760,2833090,N,783.50
2026-02-26T13:52:35.538023,7,6,0.339842,1.170679,0.213380,0.000000,-1.497969,1.539610,0.472370,0.524342,0.511192,-0.490525,0.8657,882116,Y,390.63
2026-02-26T13:52:35.538119,7,8,0.338584,1.170747,0.215675,0.000000,-1.512778,1.539553,0.476448,0.521045,0.507350,-0.494070,0.8730,973933,Y,387.58
2026-02-26T13:52:35.538209,7,9,0.358268,1.167775,0.204975,-1.562869,-0.157577,-3.121159,0.063045,-0.701506,0.708231,0.048200,0.8911,163696,N,250.49
2026-02-26T13:52:35.538299,7,11,0.342362,1.170507,0.208662,1.521223,-1.454341,-3.060479,0.460284,0.534097,0.522154,-0.479827,0.9165,702673,N,329.43
2026-02-26T13:52:35.538389,7,13,0.333073,1.170869,0.226180,0.000000,-1.552027,1.540555,0.487204,0.511665,0.497511,-0.503304,0.7954,1406524,Y,490.56
2026-02-26T13:52:35.538479,7,14,0.333746,1.170867,0.224414,0.000000,-1.547719,1.540445,0.486084,0.512765,0.498551,-0.502236,0.8711,1359906,Y,498.76
2026-02-26T13:52:35.538585,7,16,0.339842,1.170679,0.213380,0.000000,-1.497969,1.539610,0.472370,0.524342,0.511192,-0.490525,0.8687,882116,Y,371.82
2026-02-26T13:52:35.538673,7,17,0.339223,1.170720,0.214507,0.000000,-1.505760,1.539537,0.474513,0.522627,0.509159,-0.492398,0.8647,927866,Y,397.55
2026-02-26T13:52:35.538770,7,18,0.363104,1.165101,0.215076,-1.559045,-0.143960,-3.124694,0.057073,-0.700662,0.709810,0.044558,0.9111,90458,N,231.65
2026-02-26T13:52:35.538866,7,19,0.332408,1.170875,0.228020,0.000000,-1.556394,1.540686,0.488347,0.510543,0.496453,-0.504378,0.9097,1452260,Y,483.81
2026-02-26T13:52:35.538958,7,20,0.310450,1.171995,0.297663,1.569458,-0.924953,-3.109201,0.305415,0.637432,0.628060,-0.325490,0.8501,2855103,N,786.13
2026-02-26T13:52:35.539044,7,21,0.354046,1.169292,0.195465,1.575690,-0.167081,-3.117720,0.050424,0.707015,0.702158,-0.067533,0.8794,243379,N,264.66
2026-02-26T13:52:58.687565,8,0,0.338584,1.170747,0.215675,0.000000,-1.512778,1.539553,0.476448,0.521045,0.507350,-0.494070,0.8691,973933,Y,401.68
2026-02-26T13:52:58.687696,8,1,0.334356,1.170854,0.222852,0.000000,-1.543164,1.540314,0.484883,0.513913,0.499655,-0.501125,0.8936,1312380,Y,452.36
2026-02-26T13:52:58.687756,8,2,0.343659,1.170375,0.206275,1.531680,-1.394941,-3.071221,0.443981,0.547230,0.536468,-0.464352,0.9116,616373,N,344.93
2026-02-26T13:52:58.687810,8,3,0.338584,1.170747,0.215675,0.000000,-1.512778,1.539553,0.476448,0.521045,0.507350,-0.494070,0.8838,973933,Y,436.85
2026-02-26T13:52:58.687872,8,5,0.356663,1.168406,0.201911,-1.563062,-0.161427,-3.120560,0.064611,-0.701433,0.708083,0.049346,0.8765,189912,N,267.09
2026-02-26T13:52:58.687930,8,6,0.361387,1.166145,0.211649,-1.560874,-0.150414,-3.121982,0.060269,-0.701044,0.709082,0.045915,0.9038,113489,N,256.01
2026-02-26T13:52:58.687985,8,7,0.333073,1.170869,0.226180,0.000000,-1.552027,1.540555,0.487204,0.511665,0.497511,-0.503304,0.8345,1406524,Y,518.00
2026-02-26T13:52:58.688053,8,8,0.337924,1.170770,0.216756,0.000000,-1.518969,1.539604,0.478163,0.519640,0.505754,-0.495527,0.8745,1020463,Y,427.28
2026-02-26T13:52:58.688121,8,10,0.358268,1.167775,0.204975,-1.562869,-0.157577,-3.121159,0.063045,-0.701506,0.708231,0.048200,0.8833,163696,N,246.73
2026-02-26T13:52:58.688185,8,11,0.344400,1.170288,0.204969,1.537557,-1.335827,-3.077510,0.427448,0.559839,0.550226,-0.448464,0.9116,573644,N,344.77
2026-02-26T13:52:58.688239,8,12,0.333746,1.170867,0.224414,0.000000,-1.547719,1.540445,0.486084,0.512765,0.498551,-0.502236,0.8784,1359906,Y,509.70
2026-02-26T13:52:58.688293,8,14,0.339842,1.170679,0.213380,0.000000,-1.497969,1.539610,0.472370,0.524342,0.511192,-0.490525,0.8750,882116,Y,388.19
2026-02-26T13:52:58.688365,8,15,0.363104,1.165101,0.215076,-1.559045,-0.143960,-3.124694,0.057073,-0.700662,0.709810,0.044558,0.9062,90458,N,247.72
2026-02-26T13:52:58.688447,8,16,0.311041,1.171922,0.295917,1.568933,-1.099514,-3.108601,0.359807,0.608371,0.597307,-0.379009,0.8794,2810592,N,832.30
2026-02-26T13:52:58.688526,8,17,0.333073,1.170869,0.226180,0.000000,-1.552027,1.540555,0.487204,0.511665,0.497511,-0.503304,0.9048,1406524,Y,497.69
2026-02-26T13:52:58.688593,8,18,0.333746,1.170867,0.224414,0.000000,-1.547719,1.540445,0.486084,0.512765,0.498551,-0.502236,0.8159,1359906,Y,470.23
2026-02-26T13:52:58.688662,8,19,0.365073,1.149740,0.241859,-1.552945,-0.091227,-3.113138,0.042485,-0.699505,0.713030,0.021811,0.8862,200,N,227.70
2026-02-26T13:52:58.688728,8,20,0.311256,1.171881,0.294897,1.568479,-1.191599,-3.108166,0.387442,0.591152,0.579244,-0.406085,0.8574,2787224,N,818.10
2026-02-26T13:53:08.371020,9,0,0.310266,1.171988,0.298351,1.569773,-0.823049,-3.110024,0.272733,0.652126,0.643860,-0.292902,0.8662,2877772,N,883.87
2026-02-26T13:53:08.371275,9,1,0.333746,1.170867,0.224414,0.000000,-1.547719,1.540445,0.486084,0.512765,0.498551,-0.502236,0.8682,1359906,Y,497.72
2026-02-26T13:53:08.371357,9,2,0.341813,1.170562,0.209773,0.000000,-1.470973,1.539516,0.464835,0.530360,0.518043,-0.484023,0.9043,747180,Y,367.37
2026-02-26T13:53:08.371437,9,3,0.343659,1.170375,0.206275,1.531680,-1.394941,-3.071221,0.443981,0.547230,0.536468,-0.464352,0.8994,616373,N,338.11
2026-02-26T13:53:08.371499,9,4,0.361387,1.166145,0.211649,-1.560874,-0.150414,-3.121982,0.060269,-0.701044,0.709082,0.045915,0.8965,113489,N,244.29
2026-02-26T13:53:08.371561,9,5,0.332408,1.170875,0.228020,0.000000,-1.556394,1.540686,0.488347,0.510543,0.496453,-0.504378,0.8252,1452260,Y,502.28
2026-02-26T13:53:08.371627,9,6,0.310786,1.171959,0.296839,1.569233,-1.009744,-3.108944,0.332151,0.623907,0.613708,-0.351821,0.8838,2833090,N,806.83
2026-02-26T13:53:08.371690,9,7,0.316010,1.170161,0.265625,-1.613157,1.459565,3.128850,0.464762,0.535114,-0.518797,0.478016,0.7158,2217490,N,677.60
2026-02-26T13:53:08.371754,9,8,0.338584,1.170747,0.215675,0.000000,-1.512778,1.539553,0.476448,0.521045,0.507350,-0.494070,0.8560,973933,Y,399.55
2026-02-26T13:53:08.371823,9,10,0.338584,1.170747,0.215675,0.000000,-1.512778,1.539553,0.476448,0.521045,0.507350,-0.494070,0.8647,973933,Y,401.92
2026-02-26T13:53:08.371901,9,11,0.365073,1.149740,0.241859,-1.552945,-0.091227,-3.113138,0.042485,-0.699505,0.713030,0.021811,0.8770,200,N,218.68
2026-02-26T13:53:08.371982,9,14,0.332408,1.170875,0.228020,0.000000,-1.556394,1.540686,0.488347,0.510543,0.496453,-0.504378,0.8032,1452260,Y,511.29
2026-02-26T13:53:08.372051,9,15,0.359863,1.167019,0.208144,1.577883,-0.151972,-3.120869,0.046154,0.708076,0.701968,-0.061145,0.8789,138013,N,246.84
2026-02-26T13:53:08.372118,9,16,0.337924,1.170770,0.216756,0.000000,-1.518969,1.539604,0.478163,0.519640,0.505754,-0.495527,0.7329,1020463,Y,424.83
2026-02-26T13:53:08.372184,9,17,0.333073,1.170869,0.226180,0.000000,-1.552027,1.540555,0.487204,0.511665,0.497511,-0.503304,0.8662,1406524,Y,516.28
2026-02-26T13:53:08.372250,9,19,0.339842,1.170679,0.213380,0.000000,-1.497969,1.539610,0.472370,0.524342,0.511192,-0.490525,0.8486,882116,Y,368.10
2026-02-26T13:53:08.372316,9,20,0.339223,1.170720,0.214507,0.000000,-1.505760,1.539537,0.474513,0.522627,0.509159,-0.492398,0.8628,927866,Y,380.55
2026-02-26T13:53:08.372411,9,21,0.361387,1.166145,0.211649,-1.560874,-0.150414,-3.121982,0.060269,-0.701044,0.709082,0.045915,0.9004,113489,N,237.59
2026-02-26T13:53:08.372479,9,22,0.332408,1.170875,0.228020,0.000000,-1.556394,1.540686,0.488347,0.510543,0.496453,-0.504378,0.8901,1452260,Y,511.75
2026-02-26T13:53:08.372546,9,23,0.358268,1.167775,0.204975,-1.562869,-0.157577,-3.121159,0.063045,-0.701506,0.708231,0.048200,0.8740,163696,N,249.97
2026-02-26T13:53:27.717761,10,0,0.339223,1.170720,0.214507,0.000000,-1.505760,1.539537,0.474513,0.522627,0.509159,-0.492398,0.8281,927866,Y,457.60
2026-02-26T13:53:27.717871,10,1,0.334948,1.170834,0.221520,0.000000,-1.538837,1.540249,0.483745,0.514974,0.500727,-0.500065,0.8760,1263629,Y,444.45
2026-02-26T13:53:27.717932,10,3,0.342946,1.170443,0.207558,1.526312,-1.429458,-3.065650,0.453480,0.539651,0.528212,-0.473418,0.8916,659255,N,357.98
2026-02-26T13:53:27.717986,10,4,0.363104,1.165101,0.215076,-1.559045,-0.143960,-3.124694,0.057073,-0.700662,0.709810,0.044558,0.8931,90458,N,246.56
2026-02-26T13:53:27.718041,10,5,0.333746,1.170867,0.224414,0.000000,-1.547719,1.540445,0.486084,0.512765,0.498551,-0.502236,0.8115,1359906,Y,496.22
2026-02-26T13:53:27.718106,10,6,0.339223,1.170720,0.214507,0.000000,-1.505760,1.539537,0.474513,0.522627,0.509159,-0.492398,0.8315,927866,Y,398.60
2026-02-26T13:53:27.718163,10,7,0.337924,1.170770,0.216756,0.000000,-1.518969,1.539604,0.478163,0.519640,0.505754,-0.495527,0.8301,1020463,Y,439.62
2026-02-26T13:53:27.718215,10,9,0.361387,1.166145,0.211649,-1.560874,-0.150414,-3.121982,0.060269,-0.701044,0.709082,0.045915,0.8857,113489,N,237.61
2026-02-26T13:53:27.718269,10,10,0.365073,1.149740,0.241859,-1.552945,-0.091227,-3.113138,0.042485,-0.699505,0.713030,0.021811,0.8774,200,N,223.84
2026-02-26T13:53:27.718319,10,11,0.334356,1.170854,0.222852,0.000000,-1.543164,1.540314,0.484883,0.513913,0.499655,-0.501125,0.7817,1312380,Y,459.82
2026-02-26T13:53:27.718371,10,12,0.361387,1.166145,0.211649,-1.560874,-0.150414,-3.121982,0.060269,-0.701044,0.709082,0.045915,0.8799,113489,N,255.06
2026-02-26T13:53:27.718435,10,13,0.334356,1.170854,0.222852,0.000000,-1.543164,1.540314,0.484883,0.513913,0.499655,-0.501125,0.8643,1312380,Y,510.63
2026-02-26T13:53:27.718484,10,14,0.339842,1.170679,0.213380,0.000000,-1.497969,1.539610,0.472370,0.524342,0.511192,-0.490525,0.8091,882116,Y,396.88
2026-02-26T13:53:27.718532,10,15,0.356663,1.168406,0.201911,-1.563062,-0.161427,-3.120560,0.064611,-0.701433,0.708083,0.049346,0.8667,189912,N,273.43
2026-02-26T13:53:27.718580,10,16,0.361387,1.166145,0.211649,-1.560874,-0.150414,-3.121982,0.060269,-0.701044,0.709082,0.045915,0.8970,113489,N,246.08
2026-02-26T13:53:27.718629,10,17,0.311256,1.171881,0.294897,1.568479,-1.191599,-3.108166,0.387442,0.591152,0.579244,-0.406085,0.8018,2787224,N,848.50
2026-02-26T13:53:27.718677,10,18,0.333746,1.170867,0.224414,0.000000,-1.547719,1.540445,0.486084,0.512765,0.498551,-0.502236,0.8901,1359906,Y,521.46
2026-02-26T13:53:27.718725,10,20,0.312738,1.171226,0.280032,-1.582999,1.450395,-3.122974,0.461165,0.536711,-0.521522,0.476741,0.8018,2511388,N,726.66
2026-02-26T13:53:35.960341,11,0,0.339223,1.170720,0.214507,0.000000,-1.505760,1.539537,0.474513,0.522627,0.509159,-0.492398,0.8813,927866,Y,400.73
2026-02-26T13:53:35.960439,11,1,0.333746,1.170867,0.224414,0.000000,-1.547719,1.540445,0.486084,0.512765,0.498551,-0.502236,0.8896,1359906,Y,479.07
2026-02-26T13:53:35.960492,11,3,0.363104,1.165101,0.215076,-1.559045,-0.143960,-3.124694,0.057073,-0.700662,0.709810,0.044558,0.9009,90458,N,229.64
2026-02-26T13:53:35.960542,11,4,0.333073,1.170869,0.226180,0.000000,-1.552027,1.540555,0.487204,0.511665,0.497511,-0.503304,0.8066,1406524,Y,483.27
2026-02-26T13:53:35.960602,11,5,0.339842,1.170679,0.213380,0.000000,-1.497969,1.539610,0.472370,0.524342,0.511192,-0.490525,0.8682,882116,Y,383.04
2026-02-26T13:53:35.960689,11,6,0.337924,1.170770,0.216756,0.000000,-1.518969,1.539604,0.478163,0.519640,0.505754,-0.495527,0.8843,1020463,Y,404.38
2026-02-26T13:53:35.960773,11,8,0.342362,1.170507,0.208662,1.521223,-1.454341,-3.060479,0.460284,0.534097,0.522154,-0.479827,0.9150,702673,N,330.20
2026-02-26T13:53:35.960830,11,9,0.343659,1.170375,0.206275,1.531680,-1.394941,-3.071221,0.443981,0.547230,0.536468,-0.464352,0.9067,616373,N,323.53
2026-02-26T13:53:35.960893,11,10,0.333746,1.170867,0.224414,0.000000,-1.547719,1.540445,0.486084,0.512765,0.498551,-0.502236,0.7793,1359906,Y,475.02
2026-02-26T13:53:35.960949,11,11,0.365073,1.149740,0.241859,-1.552945,-0.091227,-3.113138,0.042485,-0.699505,0.713030,0.021811,0.8857,200,N,225.39
2026-02-26T13:53:35.961001,11,12,0.359863,1.167019,0.208144,1.577883,-0.151972,-3.120869,0.046154,0.708076,0.701968,-0.061145,0.8701,138013,N,244.74
2026-02-26T13:53:35.961084,11,13,0.333746,1.170867,0.224414,0.000000,-1.547719,1.540445,0.486084,0.512765,0.498551,-0.502236,0.8696,1359906,Y,461.63
2026-02-26T13:53:35.961146,11,14,0.339842,1.170679,0.213380,0.000000,-1.497969,1.539610,0.472370,0.524342,0.511192,-0.490525,0.8647,882116,Y,375.91
2026-02-26T13:53:35.961207,11,15,0.354046,1.169292,0.195465,1.575690,-0.167081,-3.117720,0.050424,0.707015,0.702158,-0.067533,0.8579,243379,N,260.85
2026-02-26T13:53:35.961264,11,16,0.363104,1.165101,0.215076,-1.559045,-0.143960,-3.124694,0.057073,-0.700662,0.709810,0.044558,0.9048,90458,N,230.12
2026-02-26T13:53:35.961323,11,17,0.311041,1.171922,0.295917,1.568933,-1.099514,-3.108601,0.359807,0.608371,0.597307,-0.379009,0.8755,2810592,N,773.03
2026-02-26T13:53:35.961380,11,18,0.333073,1.170869,0.226180,0.000000,-1.552027,1.540555,0.487204,0.511665,0.497511,-0.503304,0.9033,1406524,Y,479.29
2026-02-26T13:53:35.961437,11,20,0.310786,1.171959,0.296839,1.569233,-1.009744,-3.108944,0.332151,0.623907,0.613708,-0.351821,0.8853,2833090,N,802.81
